<?xml version="1.0" encoding="UTF-8"?>
<jcr:root xmlns:sling="http://sling.apache.org/jcr/sling/1.0" xmlns:cq="http://www.day.com/jcr/cq/1.0" xmlns:jcr="http://www.jcp.org/jcr/1.0" xmlns:nt="http://www.jcp.org/jcr/nt/1.0"
    jcr:primaryType="nt:unstructured"
    jcr:title="Custom Workflow"
    sling:resourceType="cq/gui/components/authoring/dialog">
    <content
        jcr:primaryType="nt:unstructured"
        sling:resourceType="granite/ui/components/foundation/container">
        <layout
            jcr:primaryType="nt:unstructured"
            sling:resourceType="granite/ui/components/foundation/layouts/tabs"
            type="nav">
            <items jcr:primaryType="nt:unstructured">
                <properties
                    jcr:primaryType="nt:unstructured"
                    jcr:title="Properties"
                    sling:resourceType="granite/ui/components/foundation/section">
                    <layout
                        jcr:primaryType="nt:unstructured"
                        sling:resourceType="granite/ui/components/foundation/layouts/fixedcolumns">
                        <items jcr:primaryType="nt:unstructured">
                            <columns
                                jcr:primaryType="nt:unstructured"
                                sling:resourceType="granite/ui/components/foundation/container">
                                <items jcr:primaryType="nt:unstructured">
                                    <text
                                        jcr:primaryType="nt:unstructured"
                                        sling:resourceType="granite/ui/components/foundation/form/textfield"
                                        fieldDescription="Please enter title"
                                        fieldLabel="Title"
                                        name="./metaData/textValue"/>
                                    <date
                                        jcr:primaryType="nt:unstructured"
                                        sling:resourceType="granite/ui/components/coral/foundation/form/datepicker"
                                        class="field"
                                        fieldDescription="Enter the date"
                                        fieldLabel="Date"
                                        name="./metaData/dateValue"
                                        type="datetime"/>
                                </items>
                            </columns>
                        </items>
                    </layout>
                </properties>
            </items>
        </layout>
    </content>
</jcr:root>
