<?xml version="1.0" encoding="UTF-8"?>
<jcr:root xmlns:sling="http://sling.apache.org/jcr/sling/1.0" xmlns:granite="http://www.adobe.com/jcr/granite/1.0" xmlns:cq="http://www.day.com/jcr/cq/1.0" xmlns:jcr="http://www.jcp.org/jcr/1.0" xmlns:nt="http://www.jcp.org/jcr/nt/1.0"
    jcr:primaryType="nt:unstructured"
    jcr:title="Footer"
    sling:resourceType="cq/gui/components/authoring/dialog"
    extraClientlibs="teaserImage"
    height="52rem"
    helpPath="https://fscompass2.f-secure.com/pages/viewpage.action?spaceKey=COMMUNITIES&amp;title=Teaser+Component+help"
    width="35rem">
    <content
        granite:class="cmp-teaser__editor"
        jcr:primaryType="nt:unstructured"
        sling:resourceType="granite/ui/components/coral/foundation/fixedcolumns">
        <items jcr:primaryType="nt:unstructured">
            <tabs
                jcr:primaryType="nt:unstructured"
                sling:resourceType="granite/ui/components/coral/foundation/tabs">
                <items jcr:primaryType="nt:unstructured">
                    <companyDescription
                        jcr:primaryType="nt:unstructured"
                        jcr:title="Company Description"
                        sling:resourceType="granite/ui/components/coral/foundation/container"
                        margin="{Boolean}true">
                        <items jcr:primaryType="nt:unstructured">
                            <columns
                                jcr:primaryType="nt:unstructured"
                                sling:resourceType="granite/ui/components/coral/foundation/fixedcolumns"
                                margin="{Boolean}true">
                                <items jcr:primaryType="nt:unstructured">
                                    <column
                                        jcr:primaryType="nt:unstructured"
                                        sling:resourceType="granite/ui/components/coral/foundation/container">
                                        <items jcr:primaryType="nt:unstructured">
                                            <logo
                                                jcr:primaryType="nt:unstructured"
                                                sling:resourceType="granite/ui/components/coral/foundation/form/pathfield"
                                                fieldLabel="Logo"
                                                name="./logoImage"/>
                                            <text
                                                jcr:primaryType="nt:unstructured"
                                                sling:resourceType="cq/gui/components/authoring/dialog/richtext"
                                                fieldLabel="Description"
                                                name="./companyDescription"
                                                useFixedInlineToolbar="{Boolean}true">
                                                <rtePlugins jcr:primaryType="nt:unstructured">
                                                    <format
                                                        jcr:primaryType="nt:unstructured"
                                                        features="bold,italic"/>
                                                    <justify
                                                        jcr:primaryType="nt:unstructured"
                                                        features="-"/>
                                                    <links
                                                        jcr:primaryType="nt:unstructured"
                                                        features="modifylink,unlink"/>
                                                    <lists
                                                        jcr:primaryType="nt:unstructured"
                                                        features="*"/>
                                                    <misctools jcr:primaryType="nt:unstructured">
                                                        <specialCharsConfig jcr:primaryType="nt:unstructured">
                                                            <chars jcr:primaryType="nt:unstructured">
                                                                <default_copyright
                                                                    jcr:primaryType="nt:unstructured"
                                                                    entity="&amp;copy;"
                                                                    name="copyright"/>
                                                                <default_euro
                                                                    jcr:primaryType="nt:unstructured"
                                                                    entity="&amp;euro;"
                                                                    name="euro"/>
                                                                <default_registered
                                                                    jcr:primaryType="nt:unstructured"
                                                                    entity="&amp;reg;"
                                                                    name="registered"/>
                                                                <default_trademark
                                                                    jcr:primaryType="nt:unstructured"
                                                                    entity="&amp;trade;"
                                                                    name="trademark"/>
                                                            </chars>
                                                        </specialCharsConfig>
                                                    </misctools>
                                                    <paraformat
                                                        jcr:primaryType="nt:unstructured"
                                                        features="*">
                                                        <formats jcr:primaryType="nt:unstructured">
                                                            <default_p
                                                                jcr:primaryType="nt:unstructured"
                                                                description="Paragraph"
                                                                tag="p"/>
                                                            <default_h1
                                                                jcr:primaryType="nt:unstructured"
                                                                description="Heading 1"
                                                                tag="h1"/>
                                                            <default_h2
                                                                jcr:primaryType="nt:unstructured"
                                                                description="Heading 2"
                                                                tag="h2"/>
                                                            <default_h3
                                                                jcr:primaryType="nt:unstructured"
                                                                description="Heading 3"
                                                                tag="h3"/>
                                                            <default_h4
                                                                jcr:primaryType="nt:unstructured"
                                                                description="Heading 4"
                                                                tag="h4"/>
                                                            <default_h5
                                                                jcr:primaryType="nt:unstructured"
                                                                description="Heading 5"
                                                                tag="h5"/>
                                                            <default_h6
                                                                jcr:primaryType="nt:unstructured"
                                                                description="Heading 6"
                                                                tag="h6"/>
                                                            <default_blockquote
                                                                jcr:primaryType="nt:unstructured"
                                                                description="Quote"
                                                                tag="blockquote"/>
                                                            <default_pre
                                                                jcr:primaryType="nt:unstructured"
                                                                description="Preformatted"
                                                                tag="pre"/>
                                                        </formats>
                                                    </paraformat>
                                                    <table
                                                        jcr:primaryType="nt:unstructured"
                                                        features="-">
                                                        <hiddenHeaderConfig
                                                            jcr:primaryType="nt:unstructured"
                                                            hiddenHeaderClassName="cq-wcm-foundation-aria-visuallyhidden"
                                                            hiddenHeaderEditingCSS="cq-RichText-hiddenHeader--editing"/>
                                                    </table>
                                                    <tracklinks
                                                        jcr:primaryType="nt:unstructured"
                                                        features="*"/>
                                                </rtePlugins>
                                                <uiSettings jcr:primaryType="nt:unstructured">
                                                    <cui jcr:primaryType="nt:unstructured">
                                                        <inline
                                                            jcr:primaryType="nt:unstructured"
                                                            toolbar="[format#bold,format#italic,format#underline,#justify,#lists,links#modifylink,links#unlink,#paraformat]">
                                                            <popovers jcr:primaryType="nt:unstructured">
                                                                <justify
                                                                    jcr:primaryType="nt:unstructured"
                                                                    items="[justify#justifyleft,justify#justifycenter,justify#justifyright]"
                                                                    ref="justify"/>
                                                                <lists
                                                                    jcr:primaryType="nt:unstructured"
                                                                    items="[lists#unordered,lists#ordered,lists#outdent,lists#indent]"
                                                                    ref="lists"/>
                                                                <paraformat
                                                                    jcr:primaryType="nt:unstructured"
                                                                    items="paraformat:getFormats:paraformat-pulldown"
                                                                    ref="paraformat"/>
                                                            </popovers>
                                                        </inline>
                                                        <tableEditOptions
                                                            jcr:primaryType="nt:unstructured"
                                                            toolbar="[table#insertcolumn-before,table#insertcolumn-after,table#removecolumn,-,table#insertrow-before,table#insertrow-after,table#removerow,-,table#mergecells-right,table#mergecells-down,table#mergecells,table#splitcell-horizontal,table#splitcell-vertical,-,table#selectrow,table#selectcolumn,-,table#ensureparagraph,-,table#modifytableandcell,table#removetable,-,undo#undo,undo#redo,-,table#exitTableEditing,-]"/>
                                                    </cui>
                                                </uiSettings>
                                            </text>
                                            <buttonText
                                                jcr:primaryType="nt:unstructured"
                                                sling:resourceType="granite/ui/components/coral/foundation/form/textfield"
                                                fieldLabel="Sign Up"
                                                name="./buttonText"/>
                                        </items>
                                    </column>
                                </items>
                            </columns>
                        </items>
                    </companyDescription>
                    <about
                        jcr:primaryType="nt:unstructured"
                        jcr:title="About"
                        sling:resourceType="granite/ui/components/coral/foundation/container"
                        margin="{Boolean}true">
                        <items jcr:primaryType="nt:unstructured">
                            <columns
                                jcr:primaryType="nt:unstructured"
                                sling:resourceType="granite/ui/components/coral/foundation/fixedcolumns"
                                margin="{Boolean}true">
                                <items jcr:primaryType="nt:unstructured">
                                    <column
                                        jcr:primaryType="nt:unstructured"
                                        sling:resourceType="granite/ui/components/coral/foundation/container">
                                        <items jcr:primaryType="nt:unstructured">
                                            <aboutLinks
                                                jcr:primaryType="nt:unstructured"
                                                sling:resourceType="granite/ui/components/coral/foundation/form/multifield"
                                                fieldLabel="About Sub Links">
                                                <field
                                                    jcr:primaryType="nt:unstructured"
                                                    sling:resourceType="granite/ui/components/coral/foundation/container">
                                                    <items jcr:primaryType="nt:unstructured">
                                                        <linkText
                                                            jcr:primaryType="nt:unstructured"
                                                            sling:resourceType="granite/ui/components/coral/foundation/form/textfield"
                                                            fieldLabel="Link Text"
                                                            name="./aboutLinkText"/>
                                                        <linkUrl
                                                            jcr:primaryType="nt:unstructured"
                                                            sling:resourceType="granite/ui/components/coral/foundation/form/pathfield"
                                                            fieldLabel="Link Url"
                                                            name="./aboutSubLinkUrl"/>
                                                    </items>
                                                </field>
                                            </aboutLinks>
                                        </items>
                                    </column>
                                </items>
                            </columns>
                        </items>
                    </about>
                    <support
                        jcr:primaryType="nt:unstructured"
                        jcr:title="Support"
                        sling:resourceType="granite/ui/components/coral/foundation/container">
                        <items jcr:primaryType="nt:unstructured">
                            <titleLink
                                jcr:primaryType="nt:unstructured"
                                sling:resourceType="granite/ui/components/coral/foundation/form/textfield"
                                fieldLabel="Header Text Link"
                                name="./supportMainLink"/>
                            <linkUrl
                                jcr:primaryType="nt:unstructured"
                                sling:resourceType="granite/ui/components/coral/foundation/form/pathfield"
                                fieldLabel="Link Url"
                                name="./supportLinkUrl"/>
                            <supportLinks
                                jcr:primaryType="nt:unstructured"
                                sling:resourceType="granite/ui/components/coral/foundation/form/multifield"
                                fieldLabel="Support Sub Links">
                                <field
                                    jcr:primaryType="nt:unstructured"
                                    sling:resourceType="granite/ui/components/coral/foundation/container">
                                    <items jcr:primaryType="nt:unstructured">
                                        <linkText
                                            jcr:primaryType="nt:unstructured"
                                            sling:resourceType="granite/ui/components/coral/foundation/form/textfield"
                                            fieldLabel="Sub Link Text"
                                            name="./supportLinkText"/>
                                        <linkUrl
                                            jcr:primaryType="nt:unstructured"
                                            sling:resourceType="granite/ui/components/coral/foundation/form/pathfield"
                                            fieldLabel="Link Url"
                                            name="./supportSubLinkUrl"/>
                                    </items>
                                </field>
                            </supportLinks>
                        </items>
                    </support>
                    <portal
                        jcr:primaryType="nt:unstructured"
                        jcr:title="Portal"
                        sling:resourceType="granite/ui/components/coral/foundation/container">
                        <items jcr:primaryType="nt:unstructured">
                            <titleLink
                                jcr:primaryType="nt:unstructured"
                                sling:resourceType="granite/ui/components/coral/foundation/form/textfield"
                                fieldLabel="Header Text Link"
                                name="./portalMainLink"/>
                            <linkUrl
                                jcr:primaryType="nt:unstructured"
                                sling:resourceType="granite/ui/components/coral/foundation/form/pathfield"
                                fieldLabel="Link Url"
                                name="./portalLinkUrl"/>
                            <portalLinks
                                jcr:primaryType="nt:unstructured"
                                sling:resourceType="granite/ui/components/coral/foundation/form/multifield"
                                fieldLabel="Portal Sub Links">
                                <field
                                    jcr:primaryType="nt:unstructured"
                                    sling:resourceType="granite/ui/components/coral/foundation/container">
                                    <items jcr:primaryType="nt:unstructured">
                                        <linkText
                                            jcr:primaryType="nt:unstructured"
                                            sling:resourceType="granite/ui/components/coral/foundation/form/textfield"
                                            fieldLabel="Sub Link Text"
                                            name="./portalLinkText"/>
                                        <linkUrl
                                            jcr:primaryType="nt:unstructured"
                                            sling:resourceType="granite/ui/components/coral/foundation/form/pathfield"
                                            fieldLabel="Link Url"
                                            name="./portalSubLinkUrl"/>
                                    </items>
                                </field>
                            </portalLinks>
                        </items>
                    </portal>
                    <contact
                        jcr:primaryType="nt:unstructured"
                        jcr:title="Contact-Us"
                        sling:resourceType="granite/ui/components/coral/foundation/container">
                        <items jcr:primaryType="nt:unstructured">
                            <titleLink
                                jcr:primaryType="nt:unstructured"
                                sling:resourceType="granite/ui/components/coral/foundation/form/textfield"
                                fieldLabel="Header Text Link"
                                name="./contactMainLink"/>
                            <linkUrl
                                jcr:primaryType="nt:unstructured"
                                sling:resourceType="granite/ui/components/coral/foundation/form/pathfield"
                                fieldLabel="Link Url"
                                name="./contactLinkUrl"/>
                            <contactLinks
                                jcr:primaryType="nt:unstructured"
                                sling:resourceType="granite/ui/components/coral/foundation/form/multifield"
                                fieldLabel="Contact Sub Links">
                                <field
                                    jcr:primaryType="nt:unstructured"
                                    sling:resourceType="granite/ui/components/coral/foundation/container">
                                    <items jcr:primaryType="nt:unstructured">
                                        <linkText
                                            jcr:primaryType="nt:unstructured"
                                            sling:resourceType="granite/ui/components/coral/foundation/form/textfield"
                                            fieldLabel="Sub Link Text"
                                            name="./contactLinkText"/>
                                        <linkUrl
                                            jcr:primaryType="nt:unstructured"
                                            sling:resourceType="granite/ui/components/coral/foundation/form/pathfield"
                                            fieldLabel="Link Url"
                                            name="./contactSubLinkUrl"/>
                                    </items>
                                </field>
                            </contactLinks>
                        </items>
                    </contact>
                </items>
            </tabs>
        </items>
    </content>
</jcr:root>
